Site,Page
akka-antedon.broniryem.ru,/
akka-antedon.broniryem.ru,/rooms
akka-antedon.broniryem.ru,/pricelist
akka-antedon.broniryem.ru,/booking
akka-antedon.broniryem.ru,/info
akka-antedon.broniryem.ru,/gallery
akka-antedon.broniryem.ru,/feedback
akka-antedon.broniryem.ru,/contacts
alex-beach-gagri.broniryem.ru,/
alex-beach-gagri.broniryem.ru,/rooms
alex-beach-gagri.broniryem.ru,/pricelist
alex-beach-gagri.broniryem.ru,/booking
alex-beach-gagri.broniryem.ru,/info
alex-beach-gagri.broniryem.ru,/gallery
alex-beach-gagri.broniryem.ru,/feedback
alex-beach-gagri.broniryem.ru,/contacts
alva-donna.broniryem.ru,/
alva-donna.broniryem.ru,/rooms
alva-donna.broniryem.ru,/pricelist
alva-donna.broniryem.ru,/booking
alva-donna.broniryem.ru,/info
alva-donna.broniryem.ru,/gallery
alva-donna.broniryem.ru,/feedback
alva-donna.broniryem.ru,/contacts
